{"cameraMode":{"drawMode":0,"name":"Shaded","section":"Shading Mode"},"sceneLighting":true,"audioPlay":false,"sceneViewState":{"m_AlwaysRefresh":false,"showFog":true,"showSkybox":true,"showFlares":true,"showImageEffects":true,"showParticleSystems":true,"showVisualEffectGraphs":true,"m_FxEnabled":true},"in2DMode":false,"pivot":{"x":0.24773740768432618,"y":2.438481569290161,"z":-2.4388272762298586},"rotation":{"x":-0.1926605999469757,"y":-0.08401699364185333,"z":0.02109634503722191,"w":-0.9784396886825562},"size":16.734214782714845,"orthographic":false}